,cell_names,fraction,seurat_clusters,UMAP_1,UMAP_2
HEK293T-Starv2_TGTGGATTAG,HEK293T-Starv2_TGTGGATTAG,Leu6h,3,-1.540149875,3.237365843
HEK293T-Starv1_CGATACTGAA,HEK293T-Starv1_CGATACTGAA,Rich,1,0.632648281,-1.002772092
HEK293T-Starv1_CAACTGTCAT,HEK293T-Starv1_CAACTGTCAT,Leu6h,1,1.889307014,-0.629148244
HEK293T-Starv2_GCTGGAGAAG,HEK293T-Starv2_GCTGGAGAAG,Leu3h,2,-3.438103147,-2.667403697
HEK293T-Starv1_ACGAAGCGAT,HEK293T-Starv1_ACGAAGCGAT,Leu3h,4,-1.269511409,-1.850930213
HEK293T-Starv1_GTTCTAATGG,HEK293T-Starv1_GTTCTAATGG,Arg3h,1,2.567950539,1.086338103
HEK293T-Starv2_AGATGGCTTC,HEK293T-Starv2_AGATGGCTTC,Rich,1,1.713478051,-2.556596755
HEK293T-Starv2_TCCTACCATA,HEK293T-Starv2_TCCTACCATA,Arg3h,3,-3.448964067,2.555317224
HEK293T-Starv2_CAGGCCATGT,HEK293T-Starv2_CAGGCCATGT,Arg3h,1,1.473707638,-0.598079919
HEK293T-Starv2_TTGACCGTCT,HEK293T-Starv2_TTGACCGTCT,Arg3h,1,3.562256626,-0.370940208
HEK293T-Starv2_ACCATTGTGT,HEK293T-Starv2_ACCATTGTGT,Rich,3,-3.186161943,2.61799574
HEK293T-Starv2_CCGACAAGGA,HEK293T-Starv2_CCGACAAGGA,Leu6h,2,-3.490136572,-2.199447154
HEK293T-Starv1_GCAGCGTTAG,HEK293T-Starv1_GCAGCGTTAG,Leu6h,4,-2.360054918,-1.388803243
HEK293T-Starv2_GACTGCGTTA,HEK293T-Starv2_GACTGCGTTA,Arg6h,1,4.541513256,-1.183808326
HEK293T-Starv1_ATCGCAGTGT,HEK293T-Starv1_ATCGCAGTGT,Arg6h,2,-4.095487543,-0.121846437
HEK293T-Starv1_TTCCGGCTGT,HEK293T-Starv1_TTCCGGCTGT,Leu6h,4,-1.495951601,-1.339037179
HEK293T-Starv2_AGACGAGTCT,HEK293T-Starv2_AGACGAGTCT,Leu3h,2,-3.364231535,-0.83472371
HEK293T-Starv2_CGATGTTGAT,HEK293T-Starv2_CGATGTTGAT,Arg3h,4,-1.458988376,-2.331454753
HEK293T-Starv1_AACCACGTCA,HEK293T-Starv1_AACCACGTCA,Arg6h,1,3.400232605,-0.48245263
HEK293T-Starv2_ATGGCGGATT,HEK293T-Starv2_ATGGCGGATT,Leu3h,3,-2.887381025,3.016122223
HEK293T-Starv1_AGTTACGCAT,HEK293T-Starv1_AGTTACGCAT,Leu6h,1,5.360161833,1.756073934
HEK293T-Starv2_GCCAATACAT,HEK293T-Starv2_GCCAATACAT,Leu6h,2,-4.28298945,-2.516628742
HEK293T-Starv2_CATCGGCACT,HEK293T-Starv2_CATCGGCACT,Leu6h,1,1.035049252,-0.511095523
HEK293T-Starv2_AGATGTGCGC,HEK293T-Starv2_AGATGTGCGC,Leu3h,1,2.904859475,-0.991714715
HEK293T-Starv1_CGTCGCATCT,HEK293T-Starv1_CGTCGCATCT,Rich,1,0.564798467,-2.078572511
HEK293T-Starv2_CGCTTGTTAT,HEK293T-Starv2_CGCTTGTTAT,Leu6h,1,2.996880702,-0.756359338
HEK293T-Starv1_CTCGTGTAGC,HEK293T-Starv1_CTCGTGTAGC,Arg6h,2,-3.880238004,-0.151392221
HEK293T-Starv2_GCATTATAGG,HEK293T-Starv2_GCATTATAGG,Rich,1,5.57561069,1.385981262
HEK293T-Starv1_TGAGCTACGT,HEK293T-Starv1_TGAGCTACGT,Rich,1,1.42133668,-2.533786296
HEK293T-Starv1_CAGACCTACG,HEK293T-Starv1_CAGACCTACG,Rich,3,-2.303806492,1.270022572
HEK293T-Starv1_CGAGTAATGT,HEK293T-Starv1_CGAGTAATGT,Leu6h,1,4.732672743,1.555081398
HEK293T-Starv2_TCCGTGTTGC,HEK293T-Starv2_TCCGTGTTGC,Leu3h,1,1.870120637,1.983301461
HEK293T-Starv2_GTTCTATGTC,HEK293T-Starv2_GTTCTATGTC,Leu6h,2,-4.694406458,-1.776158332
HEK293T-Starv2_ATGTCGTACT,HEK293T-Starv2_ATGTCGTACT,Leu3h,3,-3.361627527,2.786854506
HEK293T-Starv1_AGTTATGAGG,HEK293T-Starv1_AGTTATGAGG,Arg3h,1,1.422378592,-1.350576639
HEK293T-Starv2_GTAACGTTCA,HEK293T-Starv2_GTAACGTTCA,Leu6h,4,-0.781897493,-1.220448016
HEK293T-Starv2_CCTGTCTAGA,HEK293T-Starv2_CCTGTCTAGA,Leu6h,1,4.507953934,-0.724107742
HEK293T-Starv1_AGTCCAGTGA,HEK293T-Starv1_AGTCCAGTGA,Rich,3,-2.184712358,1.586094939
HEK293T-Starv1_GCGTGAGCAT,HEK293T-Starv1_GCGTGAGCAT,Arg3h,1,2.799973063,-1.331379413
HEK293T-Starv1_CAATCTGTGT,HEK293T-Starv1_CAATCTGTGT,Arg3h,1,2.721684865,1.001758815
HEK293T-Starv2_AGTGACCACG,HEK293T-Starv2_AGTGACCACG,Leu3h,2,-3.406514116,-2.854042053
HEK293T-Starv1_TGGAAGCAGA,HEK293T-Starv1_TGGAAGCAGA,Leu3h,2,-4.587364145,-1.119248628
HEK293T-Starv2_GACTCTGGTT,HEK293T-Starv2_GACTCTGGTT,Leu6h,2,-4.121564813,-1.891238927
HEK293T-Starv2_TGGTTGGTAC,HEK293T-Starv2_TGGTTGGTAC,Leu3h,2,-4.397375532,-2.353975772
HEK293T-Starv1_GCGCTAGAGA,HEK293T-Starv1_GCGCTAGAGA,Arg6h,1,3.661568217,-1.330892085
HEK293T-Starv1_CATTCAGGAG,HEK293T-Starv1_CATTCAGGAG,Leu6h,1,4.646303706,1.961938352
HEK293T-Starv1_TGTTCAGATC,HEK293T-Starv1_TGTTCAGATC,Rich,1,5.722582392,0.814792097
HEK293T-Starv2_ACGGCTTCTC,HEK293T-Starv2_ACGGCTTCTC,Arg6h,1,5.178958706,-0.535687684
HEK293T-Starv1_CTCTAGCCGT,HEK293T-Starv1_CTCTAGCCGT,Arg3h,1,4.9673739,0.659224153
HEK293T-Starv1_AAGTTCAGGA,HEK293T-Starv1_AAGTTCAGGA,Rich,3,-2.453481622,3.074248553
HEK293T-Starv1_TCTTCGTGTA,HEK293T-Starv1_TCTTCGTGTA,Arg6h,1,1.700086616,-0.684694289
HEK293T-Starv1_GCGATAGGCA,HEK293T-Starv1_GCGATAGGCA,Leu3h,2,-3.796542116,-3.064295768
HEK293T-Starv2_ATAAGGTGAC,HEK293T-Starv2_ATAAGGTGAC,Rich,3,-2.529347606,1.530434535
HEK293T-Starv2_AGACGCAAGA,HEK293T-Starv2_AGACGCAAGA,Rich,1,0.796867244,-1.502488851
HEK293T-Starv2_TAGAGTGTCT,HEK293T-Starv2_TAGAGTGTCT,Leu3h,2,-3.932410665,-2.164083957
HEK293T-Starv2_GCCATAGAAT,HEK293T-Starv2_GCCATAGAAT,Arg3h,1,5.013244919,-0.462447166
HEK293T-Starv1_CTCCTAATCT,HEK293T-Starv1_CTCCTAATCT,Leu3h,3,-2.925542303,1.591282532
HEK293T-Starv1_CGTATCGATT,HEK293T-Starv1_CGTATCGATT,Leu3h,1,4.815787367,1.790041127
HEK293T-Starv1_CCGGTCATGA,HEK293T-Starv1_CCGGTCATGA,Arg6h,1,3.989087633,1.209720106
HEK293T-Starv1_TATCTTCTCG,HEK293T-Starv1_TATCTTCTCG,Leu6h,1,3.249907545,-0.058772563
HEK293T-Starv1_GTGTTCACGT,HEK293T-Starv1_GTGTTCACGT,Leu3h,3,-1.097928949,3.197314621
HEK293T-Starv1_ATGAGTCTGT,HEK293T-Starv1_ATGAGTCTGT,Leu3h,2,-3.630955167,-1.925768375
HEK293T-Starv2_CCAGTGTACG,HEK293T-Starv2_CCAGTGTACG,Leu3h,4,-1.502218195,-1.914877414
HEK293T-Starv1_CGTGTTACCG,HEK293T-Starv1_CGTGTTACCG,Rich,1,1.385193233,-2.498568534
HEK293T-Starv2_AGTGTTCGTG,HEK293T-Starv2_AGTGTTCGTG,Rich,3,-1.899477668,0.933305801
HEK293T-Starv2_AATCTGTTGG,HEK293T-Starv2_AATCTGTTGG,Leu3h,3,-2.735425897,2.854278446
HEK293T-Starv1_CAGATGTTAC,HEK293T-Starv1_CAGATGTTAC,Leu6h,2,-4.073153444,-0.512906551
HEK293T-Starv1_TGGAACCACG,HEK293T-Starv1_TGGAACCACG,Rich,2,-3.250043817,0.520556212
HEK293T-Starv2_TGCTAGCGGT,HEK293T-Starv2_TGCTAGCGGT,Leu3h,4,-1.508807607,-1.616327047
HEK293T-Starv1_AGAACAATCG,HEK293T-Starv1_AGAACAATCG,Arg3h,1,1.740119539,-0.964540958
HEK293T-Starv1_AGATGGCTTC,HEK293T-Starv1_AGATGGCTTC,Rich,1,0.981713675,-2.440339565
HEK293T-Starv2_CGTGACGACT,HEK293T-Starv2_CGTGACGACT,Arg6h,1,4.933487944,-0.118918776
HEK293T-Starv2_GCTGCTAATA,HEK293T-Starv2_GCTGCTAATA,Leu6h,4,-1.829259105,-1.613919257
HEK293T-Starv1_AACCGTAACA,HEK293T-Starv1_AACCGTAACA,Leu3h,2,-3.603867956,-1.694646835
HEK293T-Starv1_CGGTATATGC,HEK293T-Starv1_CGGTATATGC,Leu3h,2,-4.19347281,-2.498841762
HEK293T-Starv2_GAGCCTGCTT,HEK293T-Starv2_GAGCCTGCTT,Arg3h,1,4.244694285,0.470686794
HEK293T-Starv1_TGCGGTCCTT,HEK293T-Starv1_TGCGGTCCTT,Leu6h,1,2.064253799,1.785989747
HEK293T-Starv1_GAACATTGGC,HEK293T-Starv1_GAACATTGGC,Arg3h,1,4.733407072,0.576176644
HEK293T-Starv2_TACCAGAGAT,HEK293T-Starv2_TACCAGAGAT,Arg3h,1,4.295425944,1.119002403
HEK293T-Starv1_AGCATGGCAT,HEK293T-Starv1_AGCATGGCAT,Arg3h,1,4.099739603,-0.788649082
HEK293T-Starv2_TGAGCTACGT,HEK293T-Starv2_TGAGCTACGT,Rich,1,1.739832364,-2.176895141
HEK293T-Starv2_CTGCATAGCA,HEK293T-Starv2_CTGCATAGCA,Arg6h,3,-1.976217218,2.679286719
HEK293T-Starv1_ACGTACAAGA,HEK293T-Starv1_ACGTACAAGA,Arg6h,2,-4.890691705,-1.624545335
HEK293T-Starv2_TGTTACCGTC,HEK293T-Starv2_TGTTACCGTC,Leu6h,1,2.439292364,0.571720362
HEK293T-Starv2_AATCTCGGTT,HEK293T-Starv2_AATCTCGGTT,Arg6h,1,5.050181441,1.300908328
HEK293T-Starv2_CAACTGTCAT,HEK293T-Starv2_CAACTGTCAT,Leu6h,1,1.8619036,-0.711708307
HEK293T-Starv1_GTTAGCACAA,HEK293T-Starv1_GTTAGCACAA,Arg3h,1,3.925035529,0.689812542
HEK293T-Starv2_GAACGTTGTT,HEK293T-Starv2_GAACGTTGTT,Leu3h,2,-3.630035825,-2.807370662
HEK293T-Starv2_TGTAGATCCG,HEK293T-Starv2_TGTAGATCCG,Leu3h,1,1.191067226,-1.62017846
HEK293T-Starv1_ATCCTAACAG,HEK293T-Starv1_ATCCTAACAG,Leu6h,1,2.691377334,2.498854757
HEK293T-Starv1_CACTTAGGTA,HEK293T-Starv1_CACTTAGGTA,Arg3h,2,-4.848603674,-0.075897455
HEK293T-Starv2_CGTTCTGGTA,HEK293T-Starv2_CGTTCTGGTA,Leu3h,4,-1.909257837,-2.046713352
HEK293T-Starv2_GTAAGGTAGT,HEK293T-Starv2_GTAAGGTAGT,Leu3h,1,4.482220225,0.568063856
HEK293T-Starv2_AGTCCAGTGA,HEK293T-Starv2_AGTCCAGTGA,Rich,3,-2.320471712,3.156182886
HEK293T-Starv1_TCCTACCATA,HEK293T-Starv1_TCCTACCATA,Arg3h,4,-1.807921358,-2.468412399
HEK293T-Starv1_ATGCTTGGTC,HEK293T-Starv1_ATGCTTGGTC,Rich,1,0.802070073,-1.218120813
HEK293T-Starv1_TCATGGTACT,HEK293T-Starv1_TCATGGTACT,Arg6h,1,4.49601274,0.055181862
HEK293T-Starv2_TTCATCCGTG,HEK293T-Starv2_TTCATCCGTG,Leu3h,1,4.057154946,1.230396242
HEK293T-Starv2_GCTACAACGA,HEK293T-Starv2_GCTACAACGA,Leu3h,3,-1.144306846,3.108374
HEK293T-Starv2_TGTCCGTAGG,HEK293T-Starv2_TGTCCGTAGG,Leu3h,2,-5.013589807,-0.487925529
HEK293T-Starv2_ATGGTTCTCT,HEK293T-Starv2_ATGGTTCTCT,Rich,3,-1.97996635,1.309033007
HEK293T-Starv2_TAGAAGCCAT,HEK293T-Starv2_TAGAAGCCAT,Arg3h,1,3.834762387,-1.461486577
HEK293T-Starv2_AGTCACAACA,HEK293T-Starv2_AGTCACAACA,Leu6h,1,2.39413505,0.309947491
HEK293T-Starv2_GCAGCGTTAG,HEK293T-Starv2_GCAGCGTTAG,Leu6h,4,-1.946589656,-1.269718408
HEK293T-Starv2_TACTCGTAAG,HEK293T-Starv2_TACTCGTAAG,Arg6h,1,4.167010359,-0.111983537
HEK293T-Starv2_TCACGGATGA,HEK293T-Starv2_TCACGGATGA,Leu6h,2,-2.867082067,-0.911345004
HEK293T-Starv1_ATTCACGCTA,HEK293T-Starv1_ATTCACGCTA,Leu3h,3,-1.545121618,3.018771887
HEK293T-Starv1_TTGGTCGCTC,HEK293T-Starv1_TTGGTCGCTC,Arg6h,4,-1.702772804,-1.259168624
HEK293T-Starv2_ACCTGTCGCT,HEK293T-Starv2_ACCTGTCGCT,Leu6h,1,2.839076213,1.961768449
HEK293T-Starv2_TTCTACCTGT,HEK293T-Starv2_TTCTACCTGT,Arg3h,4,-2.085300155,-1.880134343
HEK293T-Starv2_GCAGTGAAGT,HEK293T-Starv2_GCAGTGAAGT,Arg6h,2,-4.707836576,-1.557452916
HEK293T-Starv1_ATCGAAGAGC,HEK293T-Starv1_ATCGAAGAGC,Arg3h,1,4.64934545,-0.498440265
HEK293T-Starv1_GAGTGTCTAG,HEK293T-Starv1_GAGTGTCTAG,Arg3h,3,-1.67303557,3.291787744
HEK293T-Starv2_CCAAGAGGAT,HEK293T-Starv2_CCAAGAGGAT,Leu6h,1,3.579684309,0.683015466
HEK293T-Starv2_TGACCGCTTC,HEK293T-Starv2_TGACCGCTTC,Leu3h,3,-3.651478239,1.958577485
HEK293T-Starv2_GAGCTGGAAT,HEK293T-Starv2_GAGCTGGAAT,Rich,1,5.693338446,1.143601418
HEK293T-Starv1_GCGAGGTTCT,HEK293T-Starv1_GCGAGGTTCT,Leu3h,1,3.810460619,1.835893408
HEK293T-Starv2_GAGTAACGTG,HEK293T-Starv2_GAGTAACGTG,Leu3h,3,-2.300008722,3.131114126
HEK293T-Starv2_AACTCCGAGA,HEK293T-Starv2_AACTCCGAGA,Leu3h,2,-4.518886991,-2.600230693
HEK293T-Starv2_ATCGAAGAGC,HEK293T-Starv2_ATCGAAGAGC,Arg3h,2,-4.794818349,-2.15278244
HEK293T-Starv2_TCGCTCTGCT,HEK293T-Starv2_TCGCTCTGCT,Arg3h,1,4.8613699,-1.38234806
HEK293T-Starv2_ACGAACCAAG,HEK293T-Starv2_ACGAACCAAG,Leu3h,1,2.29092168,2.565643788
HEK293T-Starv1_CTGTACCAGG,HEK293T-Starv1_CTGTACCAGG,Leu6h,1,2.155646793,-0.259272813
HEK293T-Starv2_AGAACAATCG,HEK293T-Starv2_AGAACAATCG,Arg3h,2,-5.018475481,-0.078531384
HEK293T-Starv2_ACGAAGCGAT,HEK293T-Starv2_ACGAAGCGAT,Leu3h,1,1.970376901,0.590104581
HEK293T-Starv2_TGCTCACGCA,HEK293T-Starv2_TGCTCACGCA,Leu3h,3,-1.18550057,1.42178765
HEK293T-Starv2_TGGAAGCAGA,HEK293T-Starv2_TGGAAGCAGA,Leu3h,1,2.11685913,-0.71817255
HEK293T-Starv1_TCCGAATAAG,HEK293T-Starv1_TCCGAATAAG,Arg3h,1,4.358492188,-1.237886905
HEK293T-Starv1_CCTGTCTAGA,HEK293T-Starv1_CCTGTCTAGA,Leu6h,2,-3.111626096,-2.501164913
HEK293T-Starv1_GTTAGCTTAG,HEK293T-Starv1_GTTAGCTTAG,Leu6h,2,-2.610594936,-1.093691348
HEK293T-Starv2_CCGTAACCTT,HEK293T-Starv2_CCGTAACCTT,Arg6h,2,-4.81303782,-0.202613353
HEK293T-Starv2_TGTCTTCAGA,HEK293T-Starv2_TGTCTTCAGA,Arg3h,2,-4.871274896,-0.233388185
HEK293T-Starv2_TTATGCAGGA,HEK293T-Starv2_TTATGCAGGA,Arg6h,1,3.601263813,-0.363839864
HEK293T-Starv2_GACGATAGTG,HEK293T-Starv2_GACGATAGTG,Arg3h,1,3.419290833,2.205602885
HEK293T-Starv1_CCAAGAGGAT,HEK293T-Starv1_CCAAGAGGAT,Leu6h,3,-2.794156976,1.573514999
HEK293T-Starv1_TGGCATTGGA,HEK293T-Starv1_TGGCATTGGA,Rich,3,-1.755899377,0.157760978
HEK293T-Starv1_AGAAGGTACT,HEK293T-Starv1_AGAAGGTACT,Leu6h,3,-1.833319135,2.550221623
HEK293T-Starv1_AATATGCCAG,HEK293T-Starv1_AATATGCCAG,Arg6h,3,-2.325563856,0.745763362
HEK293T-Starv2_TAGGTGCTAT,HEK293T-Starv2_TAGGTGCTAT,Leu3h,1,4.732224516,1.417842776
HEK293T-Starv1_TTAACAGGTC,HEK293T-Starv1_TTAACAGGTC,Leu3h,3,-2.849803873,2.444635332
HEK293T-Starv2_CATTGACGGC,HEK293T-Starv2_CATTGACGGC,Leu6h,2,-3.320782133,-2.45724678
HEK293T-Starv2_TCACCGACTA,HEK293T-Starv2_TCACCGACTA,Arg3h,3,-1.949260183,2.229233683
HEK293T-Starv2_CGATACTGAA,HEK293T-Starv2_CGATACTGAA,Rich,1,2.27916979,-2.19901061
HEK293T-Starv1_TTGCTCACGG,HEK293T-Starv1_TTGCTCACGG,Arg6h,1,4.498537115,-0.001257061
HEK293T-Starv2_GACTGTACGG,HEK293T-Starv2_GACTGTACGG,Leu6h,1,4.971864752,1.584011757
HEK293T-Starv1_TGATCAGTCT,HEK293T-Starv1_TGATCAGTCT,Arg6h,1,4.160046868,-0.35949254
HEK293T-Starv1_CCGGATTATG,HEK293T-Starv1_CCGGATTATG,Leu3h,3,-2.197806068,2.225258768
HEK293T-Starv2_TGGTCCTCGT,HEK293T-Starv2_TGGTCCTCGT,Arg3h,3,-2.495779701,0.473858715
HEK293T-Starv1_CTGATTAGTG,HEK293T-Starv1_CTGATTAGTG,Rich,3,-2.70648665,2.688188494
HEK293T-Starv2_CAATTCCGTG,HEK293T-Starv2_CAATTCCGTG,Leu6h,1,2.222544364,1.738991079
HEK293T-Starv2_GCACCATGAA,HEK293T-Starv2_GCACCATGAA,Arg6h,2,-3.992106863,-0.977758407
HEK293T-Starv2_CCAATAGATC,HEK293T-Starv2_CCAATAGATC,Leu6h,1,2.810421876,0.83872068
HEK293T-Starv2_TCCAACACCG,HEK293T-Starv2_TCCAACACCG,Leu3h,3,-3.221268125,2.535506905
HEK293T-Starv2_TTGTTCGTGT,HEK293T-Starv2_TTGTTCGTGT,Arg3h,2,-2.82575316,-1.412277459
HEK293T-Starv2_TGGTGCCAAC,HEK293T-Starv2_TGGTGCCAAC,Rich,1,1.26230061,-1.875289201
HEK293T-Starv2_GCACCACCAT,HEK293T-Starv2_GCACCACCAT,Rich,3,-2.108128973,2.722567559
HEK293T-Starv1_TCCGATGGTT,HEK293T-Starv1_TCCGATGGTT,Leu6h,2,-4.497071214,-2.197892427
HEK293T-Starv2_AGTCAGAAGG,HEK293T-Starv2_AGTCAGAAGG,Rich,1,5.797976069,0.511468769
HEK293T-Starv2_ATTCACGCTA,HEK293T-Starv2_ATTCACGCTA,Leu3h,3,-1.753403373,1.567755253
HEK293T-Starv2_TGGAACCACG,HEK293T-Starv2_TGGAACCACG,Rich,1,1.841295354,-2.321485519
HEK293T-Starv2_CAGACCTACG,HEK293T-Starv2_CAGACCTACG,Rich,1,2.124684803,-2.423194408
HEK293T-Starv2_TGAAGATGGA,HEK293T-Starv2_TGAAGATGGA,Arg6h,2,-4.777445264,-0.572210788
HEK293T-Starv1_CCTGACTCTT,HEK293T-Starv1_CCTGACTCTT,Leu6h,2,-3.971876093,-2.800138473
HEK293T-Starv1_GAGTAACGTG,HEK293T-Starv1_GAGTAACGTG,Leu3h,2,-3.624676653,-1.740659713
HEK293T-Starv2_TGCATTGGTT,HEK293T-Starv2_TGCATTGGTT,Arg3h,1,4.819480233,-1.419843673
HEK293T-Starv1_GTACTCCGTC,HEK293T-Starv1_GTACTCCGTC,Leu3h,4,-1.393214889,-1.904843807
HEK293T-Starv1_ACTTCACATC,HEK293T-Starv1_ACTTCACATC,Rich,1,5.30110126,0.756329179
HEK293T-Starv1_CCAATCCAGG,HEK293T-Starv1_CCAATCCAGG,Arg3h,3,-3.33419127,1.832381234
HEK293T-Starv2_TGCCGTTAGC,HEK293T-Starv2_TGCCGTTAGC,Arg6h,1,4.412393383,-0.28336358
HEK293T-Starv1_GCACCACCAT,HEK293T-Starv1_GCACCACCAT,Rich,3,-3.445939012,0.796210468
HEK293T-Starv2_CAGTCGGAGT,HEK293T-Starv2_CAGTCGGAGT,Leu3h,1,4.480941347,1.499779836
HEK293T-Starv1_GAGTTGCATA,HEK293T-Starv1_GAGTTGCATA,Arg3h,2,-3.982059427,-0.028530001
HEK293T-Starv2_TTCGCCTTAG,HEK293T-Starv2_TTCGCCTTAG,Arg6h,4,-2.111411281,-1.308178186
HEK293T-Starv2_CTATCGCGCT,HEK293T-Starv2_CTATCGCGCT,Leu6h,1,3.029268197,-0.182572364
HEK293T-Starv2_AAGGTTACTC,HEK293T-Starv2_AAGGTTACTC,Leu6h,2,-4.160684057,-1.239560842
HEK293T-Starv2_TGGCATTGGA,HEK293T-Starv2_TGGCATTGGA,Rich,3,-3.064714857,2.04607758
HEK293T-Starv2_CCTAGGCGAT,HEK293T-Starv2_CCTAGGCGAT,Leu3h,3,-2.605486341,3.212525726
HEK293T-Starv2_TCTTATCCGG,HEK293T-Starv2_TCTTATCCGG,Leu3h,1,3.834757141,-0.510926723
HEK293T-Starv2_GTCGTGAATC,HEK293T-Starv2_GTCGTGAATC,Arg3h,1,2.133069865,-1.831840038
HEK293T-Starv1_AGACGAGTCT,HEK293T-Starv1_AGACGAGTCT,Leu3h,1,2.55516272,2.298037649
HEK293T-Starv2_ACAGATCTCA,HEK293T-Starv2_ACAGATCTCA,Arg3h,1,2.186165146,2.142369807
HEK293T-Starv2_ACATCGGTGT,HEK293T-Starv2_ACATCGGTGT,Rich,3,-1.355475851,1.270127327
HEK293T-Starv1_TCCACTGTTG,HEK293T-Starv1_TCCACTGTTG,Leu6h,4,-0.734763094,-1.741741895
HEK293T-Starv1_CCGACAAGGA,HEK293T-Starv1_CCGACAAGGA,Leu6h,1,2.740067772,-0.361681461
HEK293T-Starv2_ACATGAGCCA,HEK293T-Starv2_ACATGAGCCA,Leu3h,3,-3.367936082,2.750433684
HEK293T-Starv1_TAGAGTGTCT,HEK293T-Starv1_TAGAGTGTCT,Leu3h,3,-2.747291513,1.839790077
HEK293T-Starv1_CACGCAAGTC,HEK293T-Starv1_CACGCAAGTC,Leu3h,1,0.726550691,-1.471516132
HEK293T-Starv2_CTCTAGCCGT,HEK293T-Starv2_CTCTAGCCGT,Arg3h,3,-2.635243364,0.83555007
HEK293T-Starv2_TGTCACCTTA,HEK293T-Starv2_TGTCACCTTA,Arg3h,1,4.389611534,1.164990843
HEK293T-Starv2_TTGGTGTGTC,HEK293T-Starv2_TTGGTGTGTC,Rich,1,5.624189906,1.16575259
HEK293T-Starv1_TTAATCCAGC,HEK293T-Starv1_TTAATCCAGC,Arg3h,1,2.622352771,1.300318301
HEK293T-Starv1_ATGTCGTACT,HEK293T-Starv1_ATGTCGTACT,Leu3h,1,3.142409376,1.79644587
HEK293T-Starv2_GCATAACGGC,HEK293T-Starv2_GCATAACGGC,Arg3h,1,4.121635489,-1.337246179
HEK293T-Starv2_ATCCTAACAG,HEK293T-Starv2_ATCCTAACAG,Leu6h,1,0.948208026,-1.107429504
HEK293T-Starv1_CAGGCCATGT,HEK293T-Starv1_CAGGCCATGT,Arg3h,2,-4.521005102,-0.149976849
HEK293T-Starv1_GCGATGCCAA,HEK293T-Starv1_GCGATGCCAA,Leu3h,4,-1.139036127,-0.722736835
HEK293T-Starv1_GCATTATAGG,HEK293T-Starv1_GCATTATAGG,Rich,1,1.261181384,-1.861338615
HEK293T-Starv2_CTGATCTTGT,HEK293T-Starv2_CTGATCTTGT,Arg6h,1,3.345846705,1.36719069
HEK293T-Starv2_CTCCAATATG,HEK293T-Starv2_CTCCAATATG,Leu6h,1,2.078325979,1.984591276
HEK293T-Starv2_CGCTAGGCTA,HEK293T-Starv2_CGCTAGGCTA,Arg6h,2,-4.828021951,-1.127108335
HEK293T-Starv2_GTGATTGTTC,HEK293T-Starv2_GTGATTGTTC,Leu6h,2,-4.203678556,-1.568404435
HEK293T-Starv2_CGAGACTTCA,HEK293T-Starv2_CGAGACTTCA,Leu6h,1,1.902349405,1.105813325
HEK293T-Starv1_GACGATAGTG,HEK293T-Starv1_GACGATAGTG,Arg3h,1,3.045740299,2.546352745
HEK293T-Starv1_CCAGTGTACG,HEK293T-Starv1_CCAGTGTACG,Leu3h,1,1.442825079,2.015019596
HEK293T-Starv2_CAAGAGGAGG,HEK293T-Starv2_CAAGAGGAGG,Arg6h,2,5.046307854,-1.264047384
HEK293T-Starv1_ACGAACCAAG,HEK293T-Starv1_ACGAACCAAG,Leu3h,4,-0.807972856,-1.990772247
HEK293T-Starv1_TCAAGATGCG,HEK293T-Starv1_TCAAGATGCG,Rich,1,1.388730805,-2.325256347
HEK293T-Starv1_TCACGGATGA,HEK293T-Starv1_TCACGGATGA,Leu6h,4,-1.924807258,-2.330390453
HEK293T-Starv2_ATAGGTTGGA,HEK293T-Starv2_ATAGGTTGGA,Rich,1,5.529843859,0.060786725
HEK293T-Starv1_GCAGTGAAGT,HEK293T-Starv1_GCAGTGAAGT,Arg6h,1,3.322775177,-0.960577726
HEK293T-Starv1_ACGGCTTCTC,HEK293T-Starv1_ACGGCTTCTC,Arg6h,1,3.854667239,-1.143000364
HEK293T-Starv2_AACCGTAACA,HEK293T-Starv2_AACCGTAACA,Leu3h,1,3.969963126,1.357758791
HEK293T-Starv2_CTTGGTATGA,HEK293T-Starv2_CTTGGTATGA,Leu3h,4,-1.63916225,-1.355896234
HEK293T-Starv2_ACGTTGAGGT,HEK293T-Starv2_ACGTTGAGGT,Arg6h,1,3.364947252,-0.39133954
HEK293T-Starv1_AATCTGTTGG,HEK293T-Starv1_AATCTGTTGG,Leu3h,1,0.445361487,-1.308760642
HEK293T-Starv1_TTATCGAGAG,HEK293T-Starv1_TTATCGAGAG,Arg3h,3,-1.224337049,3.259209514
HEK293T-Starv2_ATTGATGGCG,HEK293T-Starv2_ATTGATGGCG,Leu6h,1,5.462005667,1.49278842
HEK293T-Starv2_CGTGACATTC,HEK293T-Starv2_CGTGACATTC,Leu3h,4,-1.065196701,-1.046681165
HEK293T-Starv1_CTGCGTCGAA,HEK293T-Starv1_CTGCGTCGAA,Leu3h,1,3.145528488,2.361031891
HEK293T-Starv1_TGTGCTGGTG,HEK293T-Starv1_TGTGCTGGTG,Leu3h,1,2.701267175,1.899059177
HEK293T-Starv1_AACTCTACCG,HEK293T-Starv1_AACTCTACCG,Leu3h,1,-0.060542889,-1.761377572
HEK293T-Starv2_CGTGTTACCG,HEK293T-Starv2_CGTGTTACCG,Rich,3,-3.319649645,1.425398917
HEK293T-Starv2_AATATGCCAG,HEK293T-Starv2_AATATGCCAG,Arg6h,2,-4.350994535,-0.380485057
HEK293T-Starv2_CCAATCCAGG,HEK293T-Starv2_CCAATCCAGG,Arg3h,1,0.792198591,-1.647404432
HEK293T-Starv1_ACATGAGCCA,HEK293T-Starv1_ACATGAGCCA,Leu3h,1,5.162974409,1.105917752
HEK293T-Starv2_AATGACGCGG,HEK293T-Starv2_AATGACGCGG,Leu6h,3,-2.630975195,2.184667439
HEK293T-Starv2_CCTCATCGTT,HEK293T-Starv2_CCTCATCGTT,Arg3h,1,5.497140936,0.545301796
HEK293T-Starv2_TGACGCTTAG,HEK293T-Starv2_TGACGCTTAG,Leu6h,3,-2.613377758,2.201138467
HEK293T-Starv2_TCTGTATGGT,HEK293T-Starv2_TCTGTATGGT,Leu3h,2,-4.479475446,-2.508506774
HEK293T-Starv1_GTATGCCTAT,HEK293T-Starv1_GTATGCCTAT,Arg6h,2,-3.882032343,-0.238416671
HEK293T-Starv2_GTTCTAATGG,HEK293T-Starv2_GTTCTAATGG,Arg3h,4,-1.502449937,-1.295871972
HEK293T-Starv1_TGGTCCTCGT,HEK293T-Starv1_TGGTCCTCGT,Arg3h,1,4.726165585,0.828171015
HEK293T-Starv1_GACTGTACGG,HEK293T-Starv1_GACTGTACGG,Leu6h,4,-0.95340056,-1.397355317
HEK293T-Starv2_GTACTCCGTC,HEK293T-Starv2_GTACTCCGTC,Leu3h,3,-1.599679418,2.079695076
HEK293T-Starv1_GACATATCGG,HEK293T-Starv1_GACATATCGG,Leu6h,4,-1.910283514,-1.572435855
HEK293T-Starv2_CTGCGTCGAA,HEK293T-Starv2_CTGCGTCGAA,Leu3h,1,4.039172224,1.587342293
HEK293T-Starv1_CGGCTGTTAG,HEK293T-Starv1_CGGCTGTTAG,Leu3h,2,-2.859429308,-0.596312522
HEK293T-Starv2_AATGCTCTAG,HEK293T-Starv2_AATGCTCTAG,Leu6h,1,1.761322669,-1.743144035
HEK293T-Starv1_ACGAACCTTA,HEK293T-Starv1_ACGAACCTTA,Leu3h,2,-4.60495276,-0.518423318
HEK293T-Starv1_GTGTTCTGTT,HEK293T-Starv1_GTGTTCTGTT,Arg3h,1,4.13166862,-0.956033229
HEK293T-Starv1_TGCCGTTAGC,HEK293T-Starv1_TGCCGTTAGC,Arg6h,1,4.761926464,-0.296511769
HEK293T-Starv2_ACAGAGACCG,HEK293T-Starv2_ACAGAGACCG,Leu3h,1,3.183343343,0.689684272
HEK293T-Starv2_AGTTATGAGG,HEK293T-Starv2_AGTTATGAGG,Arg3h,4,-1.057623573,-1.925431489
HEK293T-Starv2_GACGTTACTT,HEK293T-Starv2_GACGTTACTT,Arg3h,1,2.843299322,2.560793102
HEK293T-Starv1_TCCTCGAGCT,HEK293T-Starv1_TCCTCGAGCT,Leu6h,1,2.524306111,-1.442949771
HEK293T-Starv1_GTGCTAGATC,HEK293T-Starv1_GTGCTAGATC,Arg3h,2,-3.763876863,-0.577202558
HEK293T-Starv2_GTGCTAGATC,HEK293T-Starv2_GTGCTAGATC,Arg3h,3,-3.539426275,2.384085596
HEK293T-Starv1_CTAATCGCGG,HEK293T-Starv1_CTAATCGCGG,Leu3h,2,-4.47992272,-1.371779203
HEK293T-Starv1_GATTCCTTAC,HEK293T-Starv1_GATTCCTTAC,Rich,3,-3.501944967,1.353481651
HEK293T-Starv1_CGACCAGTGT,HEK293T-Starv1_CGACCAGTGT,Rich,3,-2.408549257,1.770929799
HEK293T-Starv2_GAAGACTTAG,HEK293T-Starv2_GAAGACTTAG,Arg6h,2,-4.416067072,0.937208176
HEK293T-Starv1_TGCCAGTATT,HEK293T-Starv1_TGCCAGTATT,Arg3h,1,4.427953057,0.460754991
HEK293T-Starv2_CTGATTAGTG,HEK293T-Starv2_CTGATTAGTG,Rich,3,-3.542778917,1.563616783
HEK293T-Starv1_CCATCGCATT,HEK293T-Starv1_CCATCGCATT,Leu6h,3,-1.442623325,3.198372246
HEK293T-Starv2_TAGTGAGTCG,HEK293T-Starv2_TAGTGAGTCG,Arg3h,1,3.274747543,2.500913442
HEK293T-Starv1_AGAGAGTGGT,HEK293T-Starv1_AGAGAGTGGT,Arg3h,2,-4.999338098,-1.938982963
HEK293T-Starv2_ATGAGTCTGT,HEK293T-Starv2_ATGAGTCTGT,Leu3h,2,-3.979743906,-1.310763835
HEK293T-Starv2_ACGGACTGAG,HEK293T-Starv2_ACGGACTGAG,Arg3h,3,-1.466462083,3.156352163
HEK293T-Starv1_GTTCATTGCG,HEK293T-Starv1_GTTCATTGCG,Arg3h,1,3.270578079,-1.105530977
HEK293T-Starv2_CACGTCTACG,HEK293T-Starv2_CACGTCTACG,Rich,2,-2.05911512,-0.43227291
HEK293T-Starv1_TGGAACGTAG,HEK293T-Starv1_TGGAACGTAG,Rich,1,1.225668691,-2.380485534
HEK293T-Starv1_CGCTCTAGAT,HEK293T-Starv1_CGCTCTAGAT,Leu6h,1,1.385844835,-0.726277828
HEK293T-Starv1_TAAGACAGCA,HEK293T-Starv1_TAAGACAGCA,Leu6h,4,-0.542528816,-0.331647157
HEK293T-Starv1_CCGTGAGAAC,HEK293T-Starv1_CCGTGAGAAC,Rich,2,-3.428963609,0.484349848
HEK293T-Starv2_TGTGCTGGTG,HEK293T-Starv2_TGTGCTGGTG,Leu3h,2,-4.32569737,-2.700630664
HEK293T-Starv2_TGGAACGTAG,HEK293T-Starv2_TGGAACGTAG,Rich,3,-2.597910114,2.451353431
HEK293T-Starv1_TCCAACACCG,HEK293T-Starv1_TCCAACACCG,Leu3h,3,-2.285896488,2.850141407
HEK293T-Starv1_CTTCTGATCG,HEK293T-Starv1_CTTCTGATCG,Arg3h,3,-3.79261107,2.134155781
HEK293T-Starv2_CTAATCGCGG,HEK293T-Starv2_CTAATCGCGG,Leu3h,1,4.918653302,1.927236468
HEK293T-Starv2_TTAGCGTCTT,HEK293T-Starv2_TTAGCGTCTT,Arg3h,3,-1.089372583,3.150912405
HEK293T-Starv2_TAAGCCTCTA,HEK293T-Starv2_TAAGCCTCTA,Leu3h,2,-3.353938051,-2.650481223
HEK293T-Starv2_CACAGCTATT,HEK293T-Starv2_CACAGCTATT,Leu3h,1,2.28627681,1.103702725
HEK293T-Starv2_GACCGTAGAT,HEK293T-Starv2_GACCGTAGAT,Arg3h,4,-0.873938509,-0.88796091
HEK293T-Starv1_TTGAAGCGGT,HEK293T-Starv1_TTGAAGCGGT,Arg3h,1,4.658891491,-0.865808009
HEK293T-Starv2_ATCTGTGAGG,HEK293T-Starv2_ATCTGTGAGG,Arg6h,1,4.718376688,0.984739721
HEK293T-Starv1_CAGAACTTAG,HEK293T-Starv1_CAGAACTTAG,Arg3h,4,-2.054409929,-2.282796382
HEK293T-Starv1_GCTACAACGA,HEK293T-Starv1_GCTACAACGA,Leu3h,4,-1.008834549,-1.171937465
HEK293T-Starv2_TGGATGCCAG,HEK293T-Starv2_TGGATGCCAG,Arg6h,2,-4.105266519,-2.42051649
HEK293T-Starv2_GTGTTCACGT,HEK293T-Starv2_GTGTTCACGT,Leu3h,3,-2.235698887,2.317358733
HEK293T-Starv2_GTGGTCAATT,HEK293T-Starv2_GTGGTCAATT,Arg6h,2,-3.674154707,-0.379567622
HEK293T-Starv1_ACCGGCCTTA,HEK293T-Starv1_ACCGGCCTTA,Arg6h,1,2.964894227,-0.560616016
HEK293T-Starv1_CATTGACGGC,HEK293T-Starv1_CATTGACGGC,Leu6h,4,-1.188135095,-1.503342389
HEK293T-Starv2_CTTGGTGGAG,HEK293T-Starv2_CTTGGTGGAG,Leu6h,4,-0.292977281,-1.619209766
HEK293T-Starv2_CGACCAGTGT,HEK293T-Starv2_CGACCAGTGT,Rich,3,-2.607060142,1.561856256
HEK293T-Starv2_CTCCTAATCT,HEK293T-Starv2_CTCCTAATCT,Leu3h,2,-4.762601801,-0.958644151
HEK293T-Starv2_AGTTACGCAT,HEK293T-Starv2_AGTTACGCAT,Leu6h,2,-3.075158067,-0.289650797
HEK293T-Starv1_TTGACCGTCT,HEK293T-Starv1_TTGACCGTCT,Arg3h,1,4.520464711,0.006268264
HEK293T-Starv2_TCGATGATCG,HEK293T-Starv2_TCGATGATCG,Leu6h,4,-0.184048839,-1.405068635
HEK293T-Starv1_TGCATTGGTT,HEK293T-Starv1_TGCATTGGTT,Arg3h,4,-2.28781385,-2.271905422
HEK293T-Starv2_ACTTGCGTGT,HEK293T-Starv2_ACTTGCGTGT,Leu3h,3,-1.59315867,3.32173729
HEK293T-Starv2_GCTATTGAAG,HEK293T-Starv2_GCTATTGAAG,Rich,1,1.073925696,-1.679694413
HEK293T-Starv1_CCTAGGCGAT,HEK293T-Starv1_CCTAGGCGAT,Leu3h,2,-4.108807035,-2.938533782
HEK293T-Starv1_TCGTCAGTAC,HEK293T-Starv1_TCGTCAGTAC,Arg6h,1,2.92527502,-1.340228795
HEK293T-Starv2_GCGATGCCAA,HEK293T-Starv2_GCGATGCCAA,Leu3h,2,-4.273178526,-2.834627151
HEK293T-Starv2_GAGTTGTTCA,HEK293T-Starv2_GAGTTGTTCA,Leu3h,1,2.803271822,2.376145662
HEK293T-Starv1_CTGATCTTGT,HEK293T-Starv1_CTGATCTTGT,Arg6h,3,-1.704559513,2.098375112
HEK293T-Starv1_CTTAACGACA,HEK293T-Starv1_CTTAACGACA,Leu6h,1,2.669985346,2.162864209
HEK293T-Starv2_TTGTCTCTAC,HEK293T-Starv2_TTGTCTCTAC,Leu3h,1,1.595793061,1.97201568
HEK293T-Starv1_CCTGTGGTTC,HEK293T-Starv1_CCTGTGGTTC,Rich,1,0.895261816,-0.960709094
HEK293T-Starv1_TGCTCACGCA,HEK293T-Starv1_TGCTCACGCA,Leu3h,4,-1.052676149,-0.794134139
HEK293T-Starv1_CCTCTTCAAG,HEK293T-Starv1_CCTCTTCAAG,Leu6h,3,-2.139415689,0.871222676
HEK293T-Starv2_ACGCGCAACA,HEK293T-Starv2_ACGCGCAACA,Leu6h,4,-1.437817522,-1.471925973
HEK293T-Starv1_GACTCTGGTT,HEK293T-Starv1_GACTCTGGTT,Leu6h,4,-2.383249469,-2.513904094
HEK293T-Starv2_CACCGTCATA,HEK293T-Starv2_CACCGTCATA,Arg3h,3,-0.832696624,3.226119042
HEK293T-Starv2_AGTGTACGGT,HEK293T-Starv2_AGTGTACGGT,Leu3h,1,4.849611334,0.992046178
HEK293T-Starv1_TGTTGTCCAT,HEK293T-Starv1_TGTTGTCCAT,Leu6h,1,2.92655044,1.693163053
HEK293T-Starv2_ATTCCGTCCG,HEK293T-Starv2_ATTCCGTCCG,Arg6h,2,-4.999308534,-0.010331034
HEK293T-Starv2_GTCTGCGTAG,HEK293T-Starv2_GTCTGCGTAG,Arg6h,3,-1.577651926,2.755810261
HEK293T-Starv1_GCACCATGAA,HEK293T-Starv1_GCACCATGAA,Arg6h,1,4.889475397,0.435462237
HEK293T-Starv2_TCAGAGGCAC,HEK293T-Starv2_TCAGAGGCAC,Arg6h,2,-3.224159666,-1.379570245
HEK293T-Starv2_GTACTCTCTA,HEK293T-Starv2_GTACTCTCTA,Leu3h,2,-3.225230165,-0.668489456
HEK293T-Starv1_AACCTAGACG,HEK293T-Starv1_AACCTAGACG,Arg3h,2,-4.94192452,-0.750750303
HEK293T-Starv1_GTAACGTTCA,HEK293T-Starv1_GTAACGTTCA,Leu6h,1,0.600598328,-1.566504001
HEK293T-Starv2_CATGCCTGAC,HEK293T-Starv2_CATGCCTGAC,Leu6h,3,-0.934641548,2.947181583
HEK293T-Starv1_ATAAGGTGAC,HEK293T-Starv1_ATAAGGTGAC,Rich,3,-1.165391632,1.256214917
HEK293T-Starv1_TGAAGTCTGC,HEK293T-Starv1_TGAAGTCTGC,Rich,1,0.407193593,-1.600276231
HEK293T-Starv2_CTGTTCTACG,HEK293T-Starv2_CTGTTCTACG,Arg3h,1,4.056148819,0.196547509
HEK293T-Starv2_CGGCTGTTAG,HEK293T-Starv2_CGGCTGTTAG,Leu3h,1,4.65143042,1.501277894
HEK293T-Starv1_TGGCAGTGTC,HEK293T-Starv1_TGGCAGTGTC,Arg6h,1,3.576783709,1.83780405
HEK293T-Starv2_GTCTGATCCG,HEK293T-Starv2_GTCTGATCCG,Leu6h,4,-1.136039682,-1.63117814
HEK293T-Starv1_CTTAGCAGGC,HEK293T-Starv1_CTTAGCAGGC,Arg6h,1,3.810998968,-0.705272674
HEK293T-Starv2_CCTCCATTCT,HEK293T-Starv2_CCTCCATTCT,Leu3h,3,-2.473813482,2.947509647
HEK293T-Starv2_CTTCTTGCGT,HEK293T-Starv2_CTTCTTGCGT,Leu3h,4,-1.84692616,-2.534221648
HEK293T-Starv2_GCAATTGTGG,HEK293T-Starv2_GCAATTGTGG,Leu3h,1,2.402508311,-0.747309446
HEK293T-Starv1_ACATCGGTGT,HEK293T-Starv1_ACATCGGTGT,Rich,3,-1.608382412,3.238908649
HEK293T-Starv2_AATGGAAGAC,HEK293T-Starv2_AATGGAAGAC,Leu6h,1,1.870516412,-0.368546247
HEK293T-Starv2_CATTCAGGAG,HEK293T-Starv2_CATTCAGGAG,Leu6h,1,1.862625323,1.970217229
HEK293T-Starv2_TCATCGTCTG,HEK293T-Starv2_TCATCGTCTG,Leu6h,1,3.853225283,0.757576526
HEK293T-Starv1_CCAATAGATC,HEK293T-Starv1_CCAATAGATC,Leu6h,4,-1.092005678,-1.744788408
HEK293T-Starv2_TCTCCTGGTT,HEK293T-Starv2_TCTCCTGGTT,Arg3h,2,-2.979194589,-1.605808496
HEK293T-Starv1_TGTCGTATTG,HEK293T-Starv1_TGTCGTATTG,Arg3h,2,-4.729311414,-2.041803836
HEK293T-Starv2_CGTTGTTGCG,HEK293T-Starv2_CGTTGTTGCG,Rich,3,-2.237871833,1.276038111
HEK293T-Starv2_ACTTCACATC,HEK293T-Starv2_ACTTCACATC,Rich,3,-1.989114233,2.918251754
HEK293T-Starv1_ATTGATGGCG,HEK293T-Starv1_ATTGATGGCG,Leu6h,3,-0.44063396,1.929135875
HEK293T-Starv1_GCCATAGAAT,HEK293T-Starv1_GCCATAGAAT,Arg3h,1,4.882376723,1.631795422
HEK293T-Starv2_GAGGATGGAT,HEK293T-Starv2_GAGGATGGAT,Leu3h,2,-4.247548528,0.975630105
HEK293T-Starv1_TGACCGCTTC,HEK293T-Starv1_TGACCGCTTC,Leu3h,3,-2.637624689,2.015605927
HEK293T-Starv1_GAACCAAGCG,HEK293T-Starv1_GAACCAAGCG,Leu6h,1,0.541654221,-1.116858959
HEK293T-Starv2_AGCATGGCAT,HEK293T-Starv2_AGCATGGCAT,Arg3h,1,3.318647794,-1.483993291
HEK293T-Starv2_CTATGGACTT,HEK293T-Starv2_CTATGGACTT,Rich,3,-1.636601396,2.618687213
HEK293T-Starv1_TCAATTGACG,HEK293T-Starv1_TCAATTGACG,Rich,2,-3.61055512,0.522572876
HEK293T-Starv1_TAAGCCTCTA,HEK293T-Starv1_TAAGCCTCTA,Leu3h,1,3.226702861,2.466370404
HEK293T-Starv2_AGGCCAGTTG,HEK293T-Starv2_AGGCCAGTTG,Leu3h,4,-1.387308069,-2.349007129
HEK293T-Starv2_AACAGCAATG,HEK293T-Starv2_AACAGCAATG,Arg6h,1,5.059400133,-0.611018419
HEK293T-Starv1_GATCACTGGT,HEK293T-Starv1_GATCACTGGT,Arg3h,2,-4.454293676,-1.697858094
HEK293T-Starv2_TTGGACGGAA,HEK293T-Starv2_TTGGACGGAA,Arg3h,2,-4.205435701,-2.297931909
HEK293T-Starv1_TCGCTCTGCT,HEK293T-Starv1_TCGCTCTGCT,Arg3h,1,0.26992052,-1.474338292
HEK293T-Starv1_CATTGAGTTC,HEK293T-Starv1_CATTGAGTTC,Leu3h,2,-3.572663255,-2.642283439
HEK293T-Starv1_AAGTGTGCTA,HEK293T-Starv1_AAGTGTGCTA,Leu6h,1,1.203945212,-0.14802122
HEK293T-Starv1_TGGTGTTGAC,HEK293T-Starv1_TGGTGTTGAC,Rich,1,4.963894657,-0.793345451
HEK293T-Starv2_CCTCCGTATC,HEK293T-Starv2_CCTCCGTATC,Leu6h,2,-3.569189973,-2.180786609
HEK293T-Starv2_AGTTGTGATC,HEK293T-Starv2_AGTTGTGATC,Arg6h,2,-4.396415659,-0.328407764
HEK293T-Starv2_ATGCTTGGTC,HEK293T-Starv2_ATGCTTGGTC,Rich,1,0.910835527,-1.68154788
HEK293T-Starv2_TGCCAGTATT,HEK293T-Starv2_TGCCAGTATT,Arg3h,1,2.174336366,-0.88392806
HEK293T-Starv1_GAGTCCTGTG,HEK293T-Starv1_GAGTCCTGTG,Arg3h,1,2.486827545,-1.719270706
HEK293T-Starv1_CATGCCTGAC,HEK293T-Starv1_CATGCCTGAC,Leu6h,1,1.126487665,-0.282225489
HEK293T-Starv1_ACAGATCTCA,HEK293T-Starv1_ACAGATCTCA,Arg3h,1,1.644961349,-0.997212648
HEK293T-Starv2_CACGCAAGTC,HEK293T-Starv2_CACGCAAGTC,Leu3h,2,-2.983637281,-2.611327171
HEK293T-Starv1_GTTCTATGTC,HEK293T-Starv1_GTTCTATGTC,Leu6h,1,0.844924323,-0.44668579
HEK293T-Starv2_AAGCTATAGC,HEK293T-Starv2_AAGCTATAGC,Leu6h,2,-3.119875379,-1.38093686
HEK293T-Starv1_AGTTGTGATC,HEK293T-Starv1_AGTTGTGATC,Arg6h,1,3.420681767,-0.507257461
HEK293T-Starv1_AGATGTGCGC,HEK293T-Starv1_AGATGTGCGC,Leu3h,1,4.375422768,1.555379272
HEK293T-Starv1_GCCAATACAT,HEK293T-Starv1_GCCAATACAT,Leu6h,2,-3.221587129,-0.164769053
HEK293T-Starv1_CAATCCTAGA,HEK293T-Starv1_CAATCCTAGA,Leu3h,3,-3.766164251,1.765684672
HEK293T-Starv2_GTTCAGTAGA,HEK293T-Starv2_GTTCAGTAGA,Arg6h,4,-2.720555254,-1.30090475
HEK293T-Starv2_CGAGTTGCTT,HEK293T-Starv2_CGAGTTGCTT,Rich,1,1.939154558,-2.551842689
HEK293T-Starv1_TGCAATTGGC,HEK293T-Starv1_TGCAATTGGC,Leu6h,2,-3.546435781,-0.844280004
HEK293T-Starv1_TAGAAGCCAT,HEK293T-Starv1_TAGAAGCCAT,Arg3h,3,-2.459774681,2.267280281
HEK293T-Starv1_CGTTGTTGCG,HEK293T-Starv1_CGTTGTTGCG,Rich,4,-1.809984155,-0.765085458
HEK293T-Starv2_GTATAGCGTC,HEK293T-Starv2_GTATAGCGTC,Arg3h,1,5.314432196,0.773374081
HEK293T-Starv2_GTGGACTGTC,HEK293T-Starv2_GTGGACTGTC,Leu3h,3,-3.109131761,2.7322886
HEK293T-Starv1_TGGATGCCAG,HEK293T-Starv1_TGGATGCCAG,Arg6h,1,5.202013544,1.56485127
HEK293T-Starv2_CTGAGTCCTT,HEK293T-Starv2_CTGAGTCCTT,Arg6h,1,4.73970323,-0.921814203
HEK293T-Starv1_ACGTGGAATT,HEK293T-Starv1_ACGTGGAATT,Leu3h,1,2.971959285,-1.034307241
HEK293T-Starv1_AGACGCAAGA,HEK293T-Starv1_AGACGCAAGA,Rich,3,-3.605882116,1.142700077
HEK293T-Starv1_TGTCTTCAGA,HEK293T-Starv1_TGTCTTCAGA,Arg3h,1,1.620975889,-1.432364225
HEK293T-Starv1_GAGTTGTTCA,HEK293T-Starv1_GAGTTGTTCA,Leu3h,2,-3.388446279,0.270265461
HEK293T-Starv2_CGCTCTAGAT,HEK293T-Starv2_CGCTCTAGAT,Leu6h,1,4.540367894,0.559431315
HEK293T-Starv2_GACAGGACAG,HEK293T-Starv2_GACAGGACAG,Arg6h,1,3.458481364,0.040896416
HEK293T-Starv2_GTCTTGGAAT,HEK293T-Starv2_GTCTTGGAAT,Leu6h,2,-3.328131147,-0.96999669
HEK293T-Starv1_ACAGAGACCG,HEK293T-Starv1_ACAGAGACCG,Leu3h,4,-1.204749056,-2.091502189
HEK293T-Starv2_AACTCTACCG,HEK293T-Starv2_AACTCTACCG,Leu3h,1,5.374956421,1.012483478
HEK293T-Starv2_TGCAATTGGC,HEK293T-Starv2_TGCAATTGGC,Leu6h,1,2.269694857,0.988846482
HEK293T-Starv2_TTAATCCAGC,HEK293T-Starv2_TTAATCCAGC,Arg3h,1,4.276834778,-0.732958793
HEK293T-Starv1_CGAGTTGCTT,HEK293T-Starv1_CGAGTTGCTT,Rich,1,2.390967063,-2.089683532
HEK293T-Starv2_CGGAATTCTT,HEK293T-Starv2_CGGAATTCTT,Rich,3,-3.516783662,1.362562538
HEK293T-Starv2_GTTAGCACAA,HEK293T-Starv2_GTTAGCACAA,Arg3h,2,-4.113438554,-0.244843721
HEK293T-Starv2_CAATCCTAGA,HEK293T-Starv2_CAATCCTAGA,Leu3h,3,-3.940144964,1.608380929
HEK293T-Starv2_TCTCACTCTA,HEK293T-Starv2_TCTCACTCTA,Leu3h,2,-4.409892984,-1.518615484
HEK293T-Starv2_TCCGATGGTT,HEK293T-Starv2_TCCGATGGTT,Leu6h,1,3.302698783,1.203726322
HEK293T-Starv1_GTCTTGGAAT,HEK293T-Starv1_GTCTTGGAAT,Leu6h,3,-1.802688547,1.809952848
HEK293T-Starv1_GTAAGGTAGT,HEK293T-Starv1_GTAAGGTAGT,Leu3h,1,3.998862318,1.31896177
HEK293T-Starv2_TTCGCGCCTA,HEK293T-Starv2_TTCGCGCCTA,Arg6h,2,-4.645090528,0.217184902
HEK293T-Starv1_AACGCGGTAG,HEK293T-Starv1_AACGCGGTAG,Arg6h,1,4.527219109,-0.822223424
HEK293T-Starv2_AACCTAGACG,HEK293T-Starv2_AACCTAGACG,Arg3h,1,4.339009814,-0.142988443
HEK293T-Starv1_TGTTACCGTC,HEK293T-Starv1_TGTTACCGTC,Leu6h,1,4.34991055,1.776828856
HEK293T-Starv2_GAGTGTCTAG,HEK293T-Starv2_GAGTGTCTAG,Arg3h,4,-0.868739315,-0.62069559
HEK293T-Starv2_TCAAGATGCG,HEK293T-Starv2_TCAAGATGCG,Rich,3,-1.894091077,3.049825431
HEK293T-Starv2_TGCGAAGTGA,HEK293T-Starv2_TGCGAAGTGA,Leu3h,1,1.631197191,-1.19214797
HEK293T-Starv2_TTCCGGCTGT,HEK293T-Starv2_TTCCGGCTGT,Leu6h,1,1.990969471,-0.614043235
HEK293T-Starv1_ACGTATCTTG,HEK293T-Starv1_ACGTATCTTG,Arg6h,2,-5.011313387,-0.369673967
HEK293T-Starv1_ATGGCGGATT,HEK293T-Starv1_ATGGCGGATT,Leu3h,3,-3.600407072,2.208047689
HEK293T-Starv2_GTTCATTGCG,HEK293T-Starv2_GTTCATTGCG,Arg3h,1,5.583961062,0.394698263
HEK293T-Starv1_TAGTGAGTCG,HEK293T-Starv1_TAGTGAGTCG,Arg3h,1,3.477171234,-0.21045947
HEK293T-Starv1_CAAGAGGAGG,HEK293T-Starv1_CAAGAGGAGG,Arg6h,1,1.626061983,-1.907633781
HEK293T-Starv1_TTCGCGCCTA,HEK293T-Starv1_TTCGCGCCTA,Arg6h,2,-4.923291155,-0.523302316
HEK293T-Starv1_GACGTTACTT,HEK293T-Starv1_GACGTTACTT,Arg3h,1,5.036085419,0.129969121
HEK293T-Starv2_TCAATTGACG,HEK293T-Starv2_TCAATTGACG,Rich,3,-1.460870453,0.929366291
HEK293T-Starv2_CTCTATAGCT,HEK293T-Starv2_CTCTATAGCT,Arg6h,2,-2.892314382,-1.941292047
HEK293T-Starv2_TATCTTCTCG,HEK293T-Starv2_TATCTTCTCG,Leu6h,2,-4.038021036,-1.776403426
HEK293T-Starv1_TTATGCAGGA,HEK293T-Starv1_TTATGCAGGA,Arg6h,1,3.613501124,-1.534485578
HEK293T-Starv1_CTATCGCGCT,HEK293T-Starv1_CTATCGCGCT,Leu6h,4,-2.471516557,-0.972703218
HEK293T-Starv2_GCGCTAGAGA,HEK293T-Starv2_GCGCTAGAGA,Arg6h,1,2.116434626,0.245270491
HEK293T-Starv1_TTAGCGTCTT,HEK293T-Starv1_TTAGCGTCTT,Arg3h,3,-2.190298267,3.168021322
HEK293T-Starv2_ATTCCTCTGG,HEK293T-Starv2_ATTCCTCTGG,Arg3h,2,-4.500308939,-1.941516876
HEK293T-Starv2_GCGTGAGCAT,HEK293T-Starv2_GCGTGAGCAT,Arg3h,4,-2.27966208,-1.591105699
HEK293T-Starv1_TGCTAGCGGT,HEK293T-Starv1_TGCTAGCGGT,Leu3h,3,-2.256594129,1.620383852
HEK293T-Starv2_AGAGAGTGGT,HEK293T-Starv2_AGAGAGTGGT,Arg3h,1,4.625652603,-0.443731307
HEK293T-Starv1_CATGCAGAGT,HEK293T-Starv1_CATGCAGAGT,Arg3h,3,-2.015807815,2.473531724
HEK293T-Starv1_ACACTAGCAT,HEK293T-Starv1_ACACTAGCAT,Arg3h,1,2.173605554,-1.35599327
HEK293T-Starv1_TAACCAGATC,HEK293T-Starv1_TAACCAGATC,Leu6h,1,0.139824085,-0.678447961
